<?xml version="1.0" encoding="utf-8"?>
<modification>
  <name>Boxme</name>
  <code>Boxme</code>
  <version>1.0</version>
  <author>CHILI.VN</author>
  <link>CHILI.VN</link>
	<file path="admin/controller/catalog/product.php">
		<operation>
			<search>
				<![CDATA[protected function getList() {]]>
			</search>
			<add position="after">
				<![CDATA[
					$data['text_display'] = $this->language->get('text_display');
					$data['text_sale'] = $this->language->get('text_sale');
					$data['text_alertupdate'] = $this->language->get('text_alertupdate');
					$data['entry_sku'] = $this->language->get('entry_sku');
					$data['entry_weight_class'] = $this->language->get('entry_weight_class');
					$data['text_storage'] = $this->language->get('text_storage');
					$data['text_volume'] = $this->language->get('text_volume');
					$data['text_status'] = $this->language->get('text_status');
					$data['text_yes'] = $this->language->get('text_yes');
					$data['text_no'] = $this->language->get('text_no');
					$data['text_button_update'] = $this->language->get('text_button_update');
					$data['text_warehousing'] = $this->language->get('text_warehousing');
					$data['text_warehousingyou'] = $this->language->get('text_warehousingyou');
					$data['text_address'] = $this->language->get('text_address');
					$data['text_move_in'] = $this->language->get('text_move_in');
					$data['text_alertwarehousing'] = $this->language->get('text_alertwarehousing');
					$data['text_method_store'] = $this->language->get('text_method_store');
					$data['text_shipboxme'] = $this->language->get('text_shipboxme');
					$data['text_shipyour'] = $this->language->get('text_shipyour');
					$data['text_serviceship'] = $this->language->get('text_serviceship');
					$data['text_fast'] = $this->language->get('text_fast');
					$data['text_normal'] = $this->language->get('text_normal');
					$data['text_transport_fee'] = $this->language->get('text_transport_fee');
					$data['text_verification'] = $this->language->get('text_verification');
					$data['text_verification_ship'] = $this->language->get('text_verification_ship');
					$data['text_verification_sku'] = $this->language->get('text_verification_sku');
					$data['text_verification_quantity'] = $this->language->get('text_verification_quantity');
					$data['text_verification_warehouse'] = $this->language->get('text_verification_warehouse');
					$data['text_verification_sale'] = $this->language->get('text_verification_sale');
					$data['text_price'] = $this->language->get('text_price');
					$data['text_verification_weight'] = $this->language->get('text_verification_weight');
					$data['text_success_default'] = $this->language->get('text_success_default');
					$data['text_validate_info'] = $this->language->get('text_validate_info');
					$data['text_synchronous_boxme'] = $this->language->get('text_synchronous_boxme');
					$data['text_warehousing_id'] = $this->language->get('text_warehousing_id');
					$data['text_warehousing_idnot'] = $this->language->get('text_warehousing_idnot');
					$data['text_product_exist'] = $this->language->get('text_product_exist');
					$data['text_warehousing_success'] = $this->language->get('text_warehousing_success');
					$data['text_warehousing_boxme'] = $this->language->get('text_warehousing_boxme');
					$data['text_product_id'] = $this->language->get('text_product_id');
					$data['text_product_idnot'] = $this->language->get('text_product_idnot');
					$data['text_validate_synchronous'] = $this->language->get('text_validate_synchronous');
					$data['text_validate_sku'] = $this->language->get('text_validate_sku');
					$data['text_addproduct_boxme'] = $this->language->get('text_addproduct_boxme');
					$data['text_status_boxme'] = $this->language->get('text_status_boxme');
					$data['text_warehousings'] = $this->language->get('text_warehousings');
					$data['text_linktransport'] = $this->language->get('text_linktransport');
					$data['token'] = $this->session->data['token'];
				]]>
			</add>
		</operation>
	</file>

	<file path="admin/language/english/catalog/product.php">
		<operation>
			<search>
				<![CDATA[<?php]]>
			</search>
			<add position="after">
				<![CDATA[
					$_['text_display']       = 'Products displayed on the page';
					$_['text_alertupdate']       = 'PRODUCT UPDATES (PRODUCTS WILL BE UPDATED WITH BOXME AND DUPLEX SHOP)';
					$_['text_storage']       = 'Product is stored in the warehouse:';
					$_['text_price']       = 'Cost:';
					$_['text_sale']       = 'Promotion price:';
					$_['text_volume']       = 'Volume: (Length x Width x Height)';
					$_['text_status']       = 'Product off status:';
					$_['text_yes']       = 'Yes';
					$_['text_no']       = 'No';
					$_['text_button_update']       = 'UPDATES QUALITY PRODUCTS TO BOXME';
					$_['text_warehousing']       = 'Enter the store';
					$_['text_warehousingyou']       = 'Get the goods from your warehouse';
					$_['text_move_in']       = 'Move to Boxme warehouse:';
					$_['text_address']       = 'Address:';
					$_['text_alertwarehousing']       = 'PLEASE CHECK THE INFORMATION ACCELERATELY BEFORE ENTERING THE BOXME - IMPORTING THE PRODUCT TO THE WAREHOUSE FOR TRANSPORTATION FEE - PRICE LIST';
					$_['text_method_store']       = 'Shipping method when warehousing';
					$_['text_shipboxme']       = 'Use Boxme shipper';
					$_['text_shipyour']       = 'I shipped';
					$_['text_serviceship']       = 'Shipping services:';
					$_['text_fast']       = 'Fast';
					$_['text_normal']       = 'Normal';
					$_['text_transport_fee']       = 'Transport fee';
					$_['text_verification']       = 'Make sure this product is being stored in your warehouse';
					$_['text_verification_ship']       = 'Hãy chắc chắn rằng sản phẩm này đang được lưu trữ trong kho hàng của bạn';
					$_['text_verification_ship']       = 'You can choose the Boxme transport method (Boxme will have staff to your warehouse to pick up the goods) or ship their own shipment to Boxme warehouse.';
					$_['text_verification_sku']       = 'Sku code is unique - to distinguish each product separately.';
					$_['text_verification_quantity']       = 'Quantity of products related to stock quantity - warehoused in Boxme warehouse, quantity will not be changed after product has synchronized product with Boxme.';
					$_['text_verification_warehouse']       = 'This is your product storage warehouse - you can change the address (Warehouse) to store products';
					$_['text_verification_sale']       = 'If your product does not have a promotion price, the promotional price of the product will be the original price';
					$_['text_verification_weight']       = 'The weight of the product is used to calculate the COD delivery cost';
					$_['text_success_default']       = 'The default product was successfully modified';
					$_['text_validate_info']       = 'Please check the data! The default product update failed';
					$_['text_synchronous_boxme']       = 'Boxme products have been updated synchronously';
					$_['text_warehousing_id']       = 'Input ID Boxme has successfully initialized';
					$_['text_warehousing_idnot']       = 'Boxmessage entry ID has not been initialized';
					$_['text_product_id']       = 'The boxed product ID was created successfully';
					$_['text_product_idnot']       = 'The box product ID has not been initialized';
					$_['text_product_exist']       = 'Product code does not exist (This product has not been synced with Boxme)';
					$_['text_warehousing_success']       = 'The product was successfully shipped';
					$_['text_warehousing_boxme']       = 'Warehouse moved to you have to choose any warehouse of Boxme';
					$_['text_validate_synchronous']       = 'Please check the data, can not sync Boxme products';
					$_['text_validate_sku']       = 'This code and product do not yet exist on your selected inventory';
					$_['text_addproduct_boxme']       = 'Add product to Boxme';
					$_['text_status_boxme']       = 'Boxme synchronization status';
					$_['text_warehousings']       = 'Carrying products into Boxme warehouse - Cargo shipping will be charged shipping';
					$_['text_linktransport']       = 'https://www.shipchung.vn/wp-content/uploads/2016/09/BangPhidichvuvanchuyen0108-2809-2016.pdf';
					$_['text_synchronous']       = 'Synchronous';
					$_['text_asynchronous']       = 'Asynchronous';
				]]>
			</add>
		</operation>
	</file>
	<file path="admin/language/vietnamese/catalog/product.php">
		<operation>
			<search>
				<![CDATA[<?php]]>
			</search>
			<add position="after">
				<![CDATA[
					$_['text_display']       = 'Sản phẩm hiển thị trên trang';
					$_['text_alertupdate']       = 'CẬP NHẬT SẢN PHẨM (SẢN PHẨM SẼ ĐƯỢC CẬP NHẬT ĐỒNG BỘ VỚI BOXME VÀ MẶC ĐINH SHOP)';
					$_['text_storage']       = 'Sản phẩm đang được lưu ở kho hàng:';
					$_['text_price']       = 'Giá gốc:';
					$_['text_sale']       = 'Giá khuyến mãi:';
					$_['text_volume']       = 'Thể tích hàng: (Chiều dài x Chiều rộng x Chiều cao)';
					$_['text_status']       = 'Trạng thái tắt bật của sản phẩm:';
					$_['text_yes']       = 'Bật';
					$_['text_no']       = 'Tắt';
					$_['text_button_update']       = 'CẬP NHẬT SẢN PHẨM NHANH SẼ ĐỒNG BỘ VỚI BOXME';
					$_['text_warehousing']       = 'Nhập kho';
					$_['text_warehousingyou']       = 'Lấy hàng từ kho hàng của bạn';
					$_['text_move_in']       = 'Chuyển đến kho hàng Boxme:';
					$_['text_address']       = 'Địa chỉ:';
					$_['text_alertwarehousing']       = 'VUI LÒNG KIỂM TRA THÔNG TIN CẦN NHẬP CHÍNH XÁC TRƯỚC KHI NHẬP BOXME - NHẬP SẢN PHẨM VÀO KHO SẼ TÍNH CƯỚC PHÍ VẬN CHUYỂN - BẢNG GIÁ';
					$_['text_method_store']       = 'Phương thức vận chuyển khi nhập kho';
					$_['text_shipboxme']       = 'Sử dụng nhà vận chuyển Boxme';
					$_['text_shipyour']       = 'Tôi vận chuyển';
					$_['text_serviceship']       = 'Dịch vụ vận chuyển:';
					$_['text_fast']       = 'Nhanh';
					$_['text_normal']       = 'Bình thường';
					$_['text_transport_fee']       = 'Phí vận chuyển';
					$_['text_verification']       = 'Hãy chắc chắn rằng sản phẩm này đang được lưu trữ trong kho hàng của bạn';
					$_['text_verification_ship']       = 'Bạn có thể lựa chọn phương thức thức vận chuyển Boxme (Boxme sẽ có nhân viên đến kho hàng của bạn để lây hàng) hoặc tự vận chuyển hàng của mình đến kho hàng Boxme';
					$_['text_verification_sku']       = 'Mã Sku là duy nhất - giúp phân biệt riêng biệt từng sản phẩm.';
					$_['text_verification_quantity']       = 'Số lượng của sản phẩm liên quan đến số lượng tồn kho - nhập kho trong kho hàng Boxme, số lượng sẽ không được thay đổi sau khi sản phẩm đã đồng bộ sản phẩm với Boxme';
					$_['text_verification_warehouse']       = 'Đây là kho hàng lưu trữ sản phẩm của bạn - bạn có thể thay đổi địa chỉ (Kho hàng) để lưu trữ sản phẩm';
					$_['text_verification_sale']       = 'Nếu sản phẩm của bạn chưa có giá khuyến mãi thì giá giá khuyến mãi của sản phẩm sẽ là giá gốc';
					$_['text_verification_weight']       = 'Trọng lượng của sản phẩm dùng để tính chi phí vận chuyển giao hàng COD';
					$_['text_success_default']       = 'Sản phẩm mặc định đã được sửa đổi thành công';
					$_['text_validate_info']       = 'Vui lòng kiểm tra lại dữ liệu ! Cập nhật sản phẩm mặc định không thành công';
					$_['text_synchronous_boxme']       = 'Sản phẩm Boxme đã được cập nhật đồng bộ';
					$_['text_warehousing_id']       = 'ID Nhập kho Boxme đã khởi tạo thành công';
					$_['text_warehousing_idnot']       = 'ID nhập kho boxme chưa được khởi tạo';

					$_['text_product_id']       = 'ID sản phẩm boxme đã được tạo thành công';
					$_['text_product_idnot']       = 'ID sản phẩm boxme chưa được khởi tạo';

					$_['text_product_exist']       = 'Mã sku của sản phẩm không tồn tại (Sản phẩm này chưa được đồng bộ với Boxme)';
					$_['text_warehousing_success']       = 'Sản phẩm đã được nhập kho thành công';
					$_['text_warehousing_boxme']       = 'Kho hàng chuyển đến bạn phải lựa chọn 1 kho bất kỳ của Boxme';
					$_['text_validate_synchronous']       = 'Vui lòng kiểm tra lại dữ liệu, không thể đồng bộ sản phẩm Boxme';
					$_['text_validate_sku']       = 'Mã sku và sản phẩm này chưa tồn tại trên kho hàng bạn đang chọn';
					$_['text_addproduct_boxme']       = 'Thêm sản phẩm vào Boxme';
					$_['text_status_boxme']       = 'Trạng thái đồng bộ Boxme';
					$_['text_warehousings']       = 'Tiến hành nhập sản phẩm vào kho hàng Boxme - Vận chuyển hàng hóa nhập kho sẽ được được tính phí vận chuyển';
					$_['text_linktransport']       = 'https://www.shipchung.vn/wp-content/uploads/2016/09/BangPhidichvuvanchuyen0108-2809-2016.pdf';
					$_['text_synchronous']       = 'Đồng bộ';
					$_['text_asynchronous']       = 'Không đồng bộ';
				]]>
			</add>
		</operation>
	</file>



	<file path="admin/controller/sale/order.php">
		<operation>
			<search>
				<![CDATA[protected function getList() {]]>
			</search>
			<add position="after">
				<![CDATA[
					$data['text_order_id'] = $this->language->get('text_order_id');
					$data['text_order_boxme'] = $this->language->get('text_order_boxme');
					$data['text_approval'] = $this->language->get('text_approval');
					$data['text_cancel'] = $this->language->get('text_cancel');
					$data['text_cancelled'] = $this->language->get('text_cancelled');
					$data['text_checkboxme'] = $this->language->get('text_checkboxme');
					$data['text_statusboxme'] = $this->language->get('text_statusboxme');
					$data['text_info_boxme'] = $this->language->get('text_info_boxme');
					$data['text_approval_order'] = $this->language->get('text_approval_order');
					$data['text_cancel_order'] = $this->language->get('text_cancel_order');
					$data['text_not_insurrance'] = $this->language->get('text_not_insurrance');
					$data['text_insurrance'] = $this->language->get('text_insurrance');
					$data['text_transport_fee'] = $this->language->get('text_transport_fee');
					$data['text_start_order_review'] = $this->language->get('text_start_order_review');
					$data['text_note'] = $this->language->get('text_note');
					$data['text_ice'] = $this->language->get('text_ice');
					$data['text_link_ice'] = $this->language->get('text_link_ice');
					$data['text_iceboxme'] = $this->language->get('text_iceboxme');
					$data['text_exit'] = $this->language->get('text_exit');
					$data['text_data_null'] = $this->language->get('text_data_null');
					$data['text_cacel_order'] = $this->language->get('text_cacel_order');
					$data['text_code_order'] = $this->language->get('text_code_order');
					$data['text_null'] = $this->language->get('text_null');
					$data['text_cancel_success'] = $this->language->get('text_cancel_success');
					$data['text__cancel'] = $this->language->get('text__cancel');
					$data['text_not_merchant_key'] = $this->language->get('text_not_merchant_key');
					$data['text_check_ordersuccess'] = $this->language->get('text_check_ordersuccess');
					$data['text_pending'] = $this->language->get('text_pending');
					$data['text_textnote'] = $this->language->get('text_textnote');
				]]>
			</add>
		</operation>
	</file>
	<file path="admin/language/vietnamese/sale/order.php">
		<operation>
			<search>
				<![CDATA[<?php]]>
			</search>
			<add position="after">
				<![CDATA[
					$_['text_order_boxme']            = 'Tạo đơn hàng';
					$_['text_approval']            = 'Duyệt';
					$_['text_cancel']            = 'Hủy';
					$_['text_cancelled']            = 'Đã hủy';
					$_['text_checkboxme']            = 'Kiểm tra trạng thái khởi tạo đơn hàng trên Boxme';
					$_['text_statusboxme']            = 'Trạng thái theo dõi đơn hàng Boxme - Sau khi đơn hàng được khởi tạo thành công - Quá trình xử lý đơn hàng sẽ được cập nhật trên hệ thống - Giúp bạn theo dõi quá trình xử lý đơn hàng';
					$_['text_info_boxme']            = 'Khởi tạo đơn hàng Boxme - Sau khi bạn khởi tạo đơn hàng thành công - Hệ thống sẽ lưu lại thông tin mã đơn hàng - phí vận chuyển - phí giao hàng - phí bảo hiểm hàng - Nhằm giúp theo dõi trạng thái xử lý đơn hàng';
					$_['text_approval_order']            = 'Duyệt đơn hàng trên Boxme';
					$_['text_cancel_order']            = 'Khi sử dụng chức năng hủy đơn hàng trên Boxme, đơn hàng của bạn sẽ không được hoàn tác';
					$_['text_not_insurrance']            = 'Hàng hóa không bảo hiểm';
					$_['text_insurrance']            = 'Phí bảo hiểm:';
					$_['text_transport_fee']            = 'Phí vận chuyển:';
					$_['text_start_order_review']            = 'Bắt đầu duyệt đơn hàng:';
					$_['text_note']            = 'Ghi chú';
					$_['text_ice']            = 'Bảng giá';
					$_['text_iceboxme']            = 'Bảng giá phí vận chuyển Boxme';
					$_['text_link_ice']            = 'https://www.shipchung.vn/wp-content/uploads/2016/09/BangPhidichvuvanchuyen0108-2809-2016.pdf';
					$_['text_exit']            = 'Thoát';
					$_['text_data_null']            = 'Dữ liệu đơn hàng trống, Vui lòng kiểm tra lại mã đơn hàng (Có thể mã đơn hàng của bạn chưa được khởi tạo thành công hoặc mã đơn hàng của bạn không tồn tại trên hệ thống Boxme';
					$_['text_cacel_order']            = 'Bạn có chắc chắn muốn hủy đơn hàng này? - Cảnh báo -Đơn hàng này sẽ không được hoàn tác';
					$_['text_code_order']            = 'Mã đơn hàng đã được lưu thành công vào đơn hàng của bạn';
					$_['text_null']            = 'Dữ liệu của bạn đang rỗng';
					$_['text_cancel_success']            = 'Đơn hàng của bạn đã được hủy thành công - Đơn hàng này sẽ không được hoàn tác lại';
					$_['text__cancel']            = 'Đơn hàng của bạn đã được hủy trước đó';
					$_['text_not_merchant_key']            = 'Không tồn tại Merchant Key';
					$_['text_check_ordersuccess']            = 'Kiểm tra trạng thái đơn hàng thành công';
					$_['text_pending']            = 'Đang cập nhật';
					$_['text_textnote']            = '<span>- Sau khi khởi tạo đơn hàng vận chuyển <strong>Boxme</strong> thành công, hệ thống sẽ <strong>tự động</strong> cập nhật trạng thái đơn hàng để người quản lý dễ dàng kiểm soát đơn hàng.</br>
					            - Một số trạng thái đơn hàng đang được áp dụng tại kho hàng <strong>Boxme (Chờ duyệt - Đã duyệt - Đang lấy hàng - Lấy không thành công - Đã lấy hàng - Đang phát hàng - Phát không thành công - Đã phát thành công - Chờ xác nhận chuyển hoàn - Chuyển hoàn - Hủy đơn hàng)</strong></br>
					            - Sau khi khởi tạo đơn hàng thành công bạn cũng có thể xác nhận hủy đơn hàng vận chuyển <strong>Boxme</strong></br> 
					            - Đối với trường hợp đơn hàng đang ở mức trạng thái <strong>"Đang phát hàng"</strong> thì đơn hàng của bạn sẽ không được phép hủy đơn hàng, đơn hàng vận chuyển đã được vận chuyển và tính phí giao hàng COD.</br>
					            -Mọi thông tin vui lòng liên hệ <strong>SUPPORT CHILI (19001830)</strong></span>';
				]]>
			</add>
		</operation>
	</file>

	<file path="admin/language/english/sale/order.php">
		<operation>
			<search>
				<![CDATA[<?php]]>
			</search>
			<add position="after">
				<![CDATA[
					$_['text_order_boxme']            = 'Create an order';
					$_['text_approval']            = 'Approval';
					$_['text_cancel']            = 'Cancel';
					$_['text_cancelled']            = 'Cancelled';
					$_['text_checkboxme']            = 'Check the order initiation status on Boxme';
					$_['text_statusboxme']            = 'Boxme tracking status - After the order has been successfully initialized - Order processing will be updated on the system - Helps you track the order processing process';
					$_['text_info_boxme']            = 'BoxMeeting - After you successfully created the order - The system will save the order code - Shipping - Shipping - Insurance - In order to help track order processing status';
					$_['text_approval_order']            = 'Browse orders on Boxme';
					$_['text_cancel_order']            = 'When using the order cancellation function on Boxme, your order will not be undone';
					$_['text_not_insurrance']            = 'Non-insurance goods';
					$_['text_insurrance']            = 'Insurance fees:';
					$_['text_transport_fee']            = 'Transport fee:';
					$_['text_start_order_review']            = 'Start order processing:';
					$_['text_note']            = 'Note';
					$_['text_ice']            = 'Ice';
					$_['text_iceboxme']            = 'Boxme shipping fee';
					$_['text_link_ice']            = 'https://www.shipchung.vn/wp-content/uploads/2016/09/BangPhidichvuvanchuyen0108-2809-2016.pdf';
					$_['text_exit']            = 'Close';
					$_['text_data_null']            = 'Line item data is empty, Please check your order code (Maybe your order code has not been successfully initialized, or your order code does not exist on Boxme system.';
					$_['text_cacel_order']            = 'Are you sure you want to cancel your daily order?';
					$_['text_code_order']            = 'Order code successfully saved to your order';
					$_['text_null']            = 'Your data is emptyg';
					$_['text_cancel_success']            = 'You have successfully cancel orders';
					$_['text__cancel']            = 'Your order was previously canceled';
					$_['text_not_merchant_key']            = 'No Merchant Key exists';
					$_['text_check_ordersuccess']            = 'Check order status successfully';
					$_['text_pending']            = 'Updating';
					$_['text_textnote']            = '<span>- After initializing the shipping order <strong>Boxme</strong> Successful, the system will <strong>automatic
					</strong> Order status updates allow managers to easily control orders.</br>
					            - Some order statuses are being applied at the warehouse <strong>Boxme (Pending approval - Approved - Getting in - Failed to retrieve - Fetched - Failed to deliver - Failed successfully - Failed successfully - Failed to confirm transfer - Failed to return - Order canceled)</strong></br>
					            - After successfully initiating the order, you can also confirm the cancellation of the shipping order <strong>Boxme</strong></br> 
					            - For orders that are in the status level <strong>"Delivering goods"</strong> Then your order will not be allowed to cancel, the shipping order has been shipped and COD shipped.</br>
					            -All information please contact <strong>SUPPORT CHILI (19001830)</strong></span>';
				]]>
			</add>
		</operation>

		<operation>
			<search>
				<![CDATA[<?php]]>
			</search>
			<add position="after">
				<![CDATA[
					if (is_file('config_boxme.php')) {
						require_once('config_boxme.php');
					}
				]]>
			</add>
		</operation>

		<operation>
			<search>
				<![CDATA[class ControllerSaleOrder extends Controller {]]>
			</search>
			<add position="after">
				<![CDATA[
					public $url_boxme=URL_API;
				]]>
			</add>
		</operation>

		<operation>
			<search>
				<![CDATA[$data['add'] = $this->url->link('sale/order/add', 'token=' . $this->session->data['token'], 'SSL');]]>
			</search>
			<add position="after">
				<![CDATA[
					$data['url_boxme'] = $this->url_boxme;
				]]>
			</add>
		</operation>
	</file>



	<file path="admin/model/sale/order.php">
		<operation>
			<search>
				<![CDATA[o.date_added,]]>
			</search>
			<add position="replace">
				<![CDATA[
					o.date_added, o.tracking_code , o.data_cancel_order_boxme, o.statusboxme, o.info_statusboxme,
				]]>
			</add>
		</operation>
		<operation>
			<search>
				<![CDATA['date_modified'           => $order_query->row['date_modified']]]>
			</search>
			<add position="after">
				<![CDATA[
					,'tracking_code'           => $order_query->row['tracking_code']
				]]>
			</add>
		</operation>
	</file>

	<file path="admin/view/template/catalog/product_form.tpl">
		<operation>
			<search>
				<![CDATA[<?php echo $footer; ?>]]>
			</search>
			<add position="before">
				<![CDATA[
					<script type="text/javascript"><!--
					  $.ajax({
					    url: 'index.php?route=boxme/warehouse/getWareHous2&token=<?php echo $token; ?>',
					    dataType: 'json',
					    success: function(json) {
					      html = '<option value=""><?php echo $text_select; ?></option>';
					      if (json['inventory'] && json['inventory'] != '') {
					        for (i = 0; i < json['inventory'].length; i++) {

					            if(json['inventory'][i]['Code']== null) {
					              html += '<option value="' + json['inventory'][i]['InventoryId'] + '"';
					           }
					          if (json['inventory'][i]['InventoryId'] == '<?php echo $location; ?>') {
					                  html += ' selected="selected"';
					          }
					          html += '>' + json['inventory'][i]['Name'] + '</option>';
					        }
					      } else {
					        html += '<option value="0" selected="selected"><?php echo $text_none; ?></option>';
					      }

					      $('select[name=\'location\']').html(html);
					    },
					    error: function(xhr, ajaxOptions, thrownError) {
					      alert(thrownError + "\r\n" + xhr.statusText + "\r\n" + xhr.responseText);
					    }
					  });

					$('select[name=\'location\']').trigger('change');
					//--></script>

				]]>
			</add>
		</operation>


		<operation>
			<search>
				<![CDATA[
<input type="text" name="product_description[<?php echo $language['language_id']; ?>][tag]" value="<?php echo isset($product_description[$language['language_id']]) ? $product_description[$language['language_id']]['tag'] : ''; ?>" placeholder="<?php echo $entry_tag; ?>" id="input-tag<?php echo $language['language_id']; ?>" class="form-control" />
				]]>
			</search>
			<add position="after" offset="3">
				<![CDATA[
				 <?php if($adds) { ?>
                  <div class="form-group">
                    <label class="col-sm-2 control-label" for="input-statusboxme"><span data-toggle="tooltip" title="<?php echo $text_status_boxme; ?>"><?php echo $text_status_boxme; ?></span></label>
                    <div class="col-sm-10">
                      <select name="status_boxme" id="input-status" class="form-control">
                        <option value="1" selected="selected"><?php echo $text_synchronous; ?></option>
                        <option value="0"><?php echo $text_asynchronous; ?></option>
                      </select>
                    </div>
                  </div>
                 <?php }  ?>
				]]>
			</add>
		</operation>

		<operation>
			<search>
				<![CDATA[
				<input type="text" name="location" value="<?php echo $location; ?>" placeholder="<?php echo $entry_location; ?>" id="input-location" class="form-control" />
				]]>
			</search>
			<add position="replace">
				<![CDATA[
				 <select name="location" id="input-location" class="form-control"></select>
				]]>
			</add>
		</operation>
	
	</file>



	<file path="admin/controller/catalog/product.php">
		<operation>
			<search>
				<![CDATA[$data['action'] = $this->url->link('catalog/product/add', 'token=' . $this->session->data['token'] . $url, 'SSL');]]>
			</search>
			<add position="after">
				<![CDATA[
					$data['boxme_status'] = $this->config->get('boxme_status');
					if($data['boxme_status'] == 1){
						$this->editProductBoxme();
					}
				]]>
			</add>
		</operation>
		<operation>
			<search>
				<![CDATA[public function edit() {]]>
			</search>
			<add position="before">
				<![CDATA[
					public  function editProductBoxme($product_id){
					if (is_file('config_boxme.php')) {
					    require_once('config_boxme.php');
					}
		            $this->load->model('catalog/product');
		            if (isset($this->request->get['product_id'])) {
		                $product_id = $this->request->get['product_id'];
		                } else {
		                $product_id = 0;
		            }
		            if ($this->config->get('boxme_key')){
		            	$data['boxme_key'] = $this->config->get('boxme_key');
		            } else {
		            	$data['boxme_key'] = "";
		            }
		            if ($this->request->post['location']){
		            	$data['boxme_warehouse_chili'] = $this->request->post['location'];
		            } else {
		            	$data['boxme_warehouse_chili'] = $this->config->get('boxme_warehouse_chili');
		            }
		            if (($this->request->server['REQUEST_METHOD'] == 'POST') && $this->validateForm()) {
		             $product=$this->model_catalog_product->getProduct($product_id);
		            	$product_boxme=array();
		                $product_boxme['InventoryId']= $this->request->post['location'];
		                $product_boxme['ApiKey']= $data['boxme_key'];
		                $product_boxme['SellerSKU']= $this->request->post['sku'];
		                $product_boxme['Name']=$product['name'];
						$product_boxme['Description']= '';
		                $product_boxme['BasePrice']= (int) $this->request->post['price'];
		                $product_boxme['SalePrice']= (int) $this->request->post['saleprice'];
		                $product_boxme['Weight']= (int) $this->request->post['weight'];
		                $product_boxme['Volume']= (int)$this->request->post['length'].'x'.(int)$this->request->post['width'].'x'.(int)$this->request->post['height'];
		                $product_boxme['ProductImages']  = $this->request->post['images'];
		                $curl = curl_init();
		                curl_setopt_array($curl, array( 
		                    CURLOPT_URL => URL_API."bxapi/edit-product-sdk",
		                    CURLOPT_RETURNTRANSFER => true,
		                    CURLOPT_ENCODING => "",
		                    CURLOPT_MAXREDIRS => 10,
		                    CURLOPT_FOLLOWLOCATION => TRUE,CURLOPT_SSL_VERIFYPEER => false, //open ssl
		                    CURLOPT_TIMEOUT => 30,
		                    CURLOPT_HTTP_VERSION => CURL_HTTP_VERSION_1_1,
		                    CURLOPT_CUSTOMREQUEST => "POST",
		                    CURLOPT_POSTFIELDS => json_encode($product_boxme),
		                    CURLOPT_HTTPHEADER => array(
		                        "authorization: Basic ZHZxdW9jOjEyMzQ1Njc=",
		                        "cache-control: no-cache",
		                        "content-type: application/json",
		                    ),
		                ));
		                $response = curl_exec($curl);
		                    $err = curl_error($curl);

		                    curl_close($curl);

		                    if ($err) {
		                      echo "cURL Error #:" . $err;
		                    } else {
		                      echo $response;
		                    }
		                }
			}
				]]>
			</add>
		</operation>
		<operation>
			<search>
				<![CDATA[$data['add'] = $this->url->link('catalog/product/add', 'token=' . $this->session->data['token'] . $url, 'SSL');]]>
			</search>
			<add position="after">
				<![CDATA[
				$data['addBoxme'] = $this->url->link('boxme/setting/inputShipmentBoxme', 'token=' . $this->session->data['token'] . $url, 'SSL');
				]]>
			</add>
		</operation>
		<operation>
			<search>
				<![CDATA[protected function getForm() {]]>
			</search>
			<add position="after">
				<![CDATA[
					$data['text_status_boxme'] = $this->language->get('text_status_boxme');
					$data['text_synchronous'] = $this->language->get('text_synchronous');
					$data['text_asynchronous'] = $this->language->get('text_asynchronous');
				]]>
			</add>
		</operation>
	</file>


	<file path="admin/model/catalog/product.php">
		<operation>
			<search>
				<![CDATA[$this->db->query("INSERT INTO " . DB_PREFIX . "product SET model = '" . $this->db->escape($data['model']) . "',]]>
			</search>
			<add position="replace">
				<![CDATA[
					$this->db->query("INSERT INTO " . DB_PREFIX . "product SET model = '" . $this->db->escape($data['model']) . "', productid_boxme = '" . (int)$data['productid_boxme'] . "', status_boxme = '" . (int)$data['status_boxme'] . "',
				]]>
			</add>
		</operation>
	</file>
	<file path="admin/model/sale/order.php">
		<operation>
			<search>
				<![CDATA[o.currency_value, o.date_added, o.date_modified FROM `" . DB_PREFIX . "order` o";]]>
			</search>
			<add position="replace">
				<![CDATA[
					o.tracking_code , o.data_cancel_order_boxme, o.statusboxme, o.info_statusboxme , o.currency_value, o.date_added, o.date_modified FROM `" . DB_PREFIX . "order` o";
				]]>
			</add>
		</operation>
	</file>

	<file path="admin/model/localisation/order_status.php">
		<operation>
			<search>
				<![CDATA[$this->db->query("INSERT INTO " . DB_PREFIX . "order_status SET order_status_id = '" . (int)$order_status_id . "', language_id = '" . (int)$language_id . "', name = '" . $this->db->escape($value['name']) . "'");]]>
			</search>
			<add position="replace">
				<![CDATA[
					$this->db->query("INSERT INTO " . DB_PREFIX . "order_status SET order_status_id = '" . (int)$order_status_id . "', language_id = '" . (int)$language_id . "',statusboxme = '" . $this->db->escape($value['statusboxme']) . "', name = '" . $this->db->escape($value['name']) . "'");
				]]>
			</add>
		</operation>
		<operation>
			<search>
				<![CDATA[$this->db->query("INSERT INTO " . DB_PREFIX . "order_status SET language_id = '" . (int)$language_id . "', name = '" . $this->db->escape($value['name']) . "'");]]>
			</search>
			<add position="replace">
				<![CDATA[
					$this->db->query("INSERT INTO " . DB_PREFIX . "order_status SET language_id = '" . (int)$language_id . "', statusboxme = '" . $this->db->escape($value['statusboxme']) . "', name = '" . $this->db->escape($value['name']) . "'");
				]]>
			</add>
		</operation>
		<operation>
			<search>
				<![CDATA[$order_status_data[$result['language_id']] = array('name' => $result['name']);]]>
			</search>
			<add position="replace">
				<![CDATA[
					$order_status_data[$result['language_id']] = array('name' => $result['name'], 'statusboxme' => $result['statusboxme']);
				]]>
			</add>
		</operation>
	</file>

	<file path="admin/view/template/localisation/order_status_form.tpl">
		<operation>
			<search>
				<![CDATA[ <input type="text" name="order_status[<?php echo $language['language_id']; ?>][name]" value="<?php echo isset($order_status[$language['language_id']]) ? $order_status[$language['language_id']]['name'] : ''; ?>" placeholder="<?php echo $entry_name; ?>" class="form-control" />]]>
			</search>
			<add position="after">
				<![CDATA[
					 <input type="text" name="order_status[<?php echo $language['language_id']; ?>][statusboxme]" value="<?php echo isset($order_status[$language['language_id']]) ? $order_status[$language['language_id']]['statusboxme'] : ''; ?>" placeholder="<?php echo $entry_name; ?>" class="form-control" />
				]]>
			</add>
		</operation>
		
	</file>
</modification>