<modification>
   	<name><span class="image_manager_plus">Quản Lý Ảnh Pro</span></name>
	<code>image_manager_plus</code>
    <version>2.x</version>
    <author>OpencartPlus.com</author>
    <link>http://www.opencartplus.com</link>
<file path="admin/view/template/common/filemanager.tpl">
		<operation>
			<search position="replace"><![CDATA[$('a.directory').on('click', function(e) {]]></search>
			<add><![CDATA[
			<?php if(isset($ignore_dvquoc)){ ?>
				$(document).on('shown.bs.modal', function(event) {
					if(localStorage.getItem("filemanager_path") !="undefined"&&localStorage.getItem("filemanager_path") !=""){
						var filemanager_path = localStorage.getItem("filemanager_path").replace("&token","&oldtoken");
							filemanager_path = filemanager_path.replace("&target","&oldtarget")<?php if (isset($target)) { ?>+'&target='+ '<?php echo $target; ?>'<?php } ?>;
							filemanager_path = filemanager_path.replace("&thumb","&oldthumb")<?php if (isset($thumb)) { ?>+'&thumb='+ '<?php echo $thumb; ?>'<?php } ?>;
							$('#modal-image').load(filemanager_path+'&token=' + getURLVar('token'));
					}
				}); 
			<?php } ?>
			$('a.directory').on('click', function(e) {
			<?php if(isset($ignore_dvquoc)){ ?>
			localStorage.setItem("filemanager_path",$(this).attr('href'));
			<?php } ?>
			]]></add>
		</operation>
</file>
<file path="admin/controller/common/header.php">
		<operation>
			<search position="replace"><![CDATA[$data['styles'] = $this->document->getStyles();]]></search>
			<add><![CDATA[
		$get_route = 'common/dashboard';
		if (isset($this->request->get['route'])) {
				$get_route = $this->request->get['route'];
		}
		$part = explode('/', $get_route);
		$route = $part[0].'/'.$part[1];
		
		$ignore_routes = array(
			'extension/installer',
			'module/revslideropencart',
			'module/journal',
		);
if (!in_array($route, $ignore_routes)) {
	   $this->document->addStyle('view/template/image_manager/elfinder/jquery-ui/jquery-ui.css');
	   $this->document->addStyle('view/template/image_manager/elfinder/css/elfinder.min.css');   
	   $this->document->addScript('view/template/image_manager/elfinder/jquery/jquery-migrate-1.2.1.min.js');
	  	$this->document->addScript('view/template/image_manager/elfinder/jquery-ui/jquery-ui.js');  
	   $this->document->addScript('view/template/image_manager/elfinder/jquery/rcookie.js');
	   $this->document->addScript('view/template/image_manager/elfinder/js/elFinder.js');	
	   $this->document->addScript('view/template/image_manager/elfinder/js/ui/elfinder-ui.js');	
	   $this->document->addScript('view/template/image_manager/elfinder/js/commands/commands.js');
	   $this->document->addScript('view/template/image_manager/elfinder/js/i18n/elfinder.'.$this->language->get('code').'.js');	
	   $this->document->addScript('view/template/image_manager/elfinder/js/proxy/elFinderSupportVer1.js'); 
}
	   $data['styles'] = $this->document->getStyles();]]></add>
		</operation>
</file>	
<file path="admin/controller/common/menu.php">
		<operation>
			<search position="replace"><![CDATA[$this->load->language('common/menu');]]></search>
			<add><![CDATA[$this->load->language('common/menu');
		$data['token'] = $this->session->data['token'];]]></add>
		</operation>
</file>
<file path="admin/controller/common/filemanager.php">
		<operation>
			<search position="replace"><![CDATA[
			$this->response->setOutput($this->load->view('common/filemanager.tpl', $data));]]></search>
			<add><![CDATA[
			$this->response->setOutput($this->load->view('common/filemanager.tpl', $data));
		$ignore = false;
		$referer = (isset($this->request->server['HTTP_REFERER']))?$this->request->server['HTTP_REFERER']:'';
		if (strpos($referer,'module/journal') !== false || strpos($referer,'module/revslideropencart') !== false || strpos($referer,'module%2Frevslideropencart')!= false) {
			$ignore = true;
		}
		if($this->config->get('image_manager_plus_status')==1&&$ignore==false){ 
			 if(isset($this->request->server['HTTPS'])&&(($this->request->server['HTTPS']=='on')||($this->request->server['HTTPS']=='1'))){
				$data['http_image'] = HTTPS_CATALOG.'image/';
			 }else{
				$data['http_image'] = HTTP_CATALOG.'image/';
			 }
			$data['image_manager_plus_command'] = $this->config->get('image_manager_plus_command'); 	
			$data['image_manager_plus_status'] = $this->config->get('image_manager_plus_status'); 
					
			$this->load->model('user/user');		
		   $user_info = $this->model_user_user->getUser($this->user->getId());
		   $data['user_group_id'] = FALSE;
		   if(!empty($user_info)){
				$data['user_group_id'] = $user_info['user_group_id'];
		   }
			$this->response->setOutput($this->load->view('image_manager/popup.tpl', $data));
		}else{
			$data['ignore_dvquoc']=true;
		}]]></add>
		</operation>
</file>
<file path="admin/controller/catalog/category.php">
		<operation>
			<search position="replace"><![CDATA[$data['categories'] = array();]]></search>
			<add><![CDATA[$data['categories'] = array();
		$this->load->model('tool/image');]]></add>
		</operation>
		<operation>
			<search position="replace"><![CDATA[$data['categories'][] = array(]]></search>
			<add><![CDATA[
			$img_query = $this->db->query("SELECT image FROM ".DB_PREFIX."category WHERE category_id = '".(int)$result['category_id']."'");
			$image = 'no_image.png';
			if ($img_query->row['image']) {
					$image = $img_query->row['image'];
			}
			if (file_exists(DIR_IMAGE . $image)) {
				$thumb = $this->model_tool_image->resize($image, 80, 80);
			} else{
				$thumb = $this->model_tool_image->resize('no_image.png', 80, 80);
			}
			$data['categories'][] = array(]]></add>
		</operation>
		<operation>
			<search position="replace"><![CDATA['sort_order'  => $result['sort_order'],]]></search>
			<add><![CDATA['sort_order'  => $result['sort_order'],
		'image'  => $thumb,]]></add>
		</operation>
</file>
<file path="admin/view/template/catalog/category_list.tpl">
		<operation>
			<search position="replace"><![CDATA[<td style="width: 1px;" class="text-center"><input type="checkbox" onclick="$('input[name*=\'selected\']').prop('checked', this.checked);" /></td>]]></search>
			<add><![CDATA[<td style="width: 1px;" class="text-center"><input type="checkbox" onclick="$('input[name*=\'selected\']').prop('checked', this.checked);" /></td><td style="width:80px;" class="text-center">Hình ảnh</td>]]></add>
		</operation>
		<operation>
			<search position="replace"><![CDATA[<td class="text-left"><?php echo $category['name']; ?></td>]]></search>
			<add><![CDATA[<td class="text-center"><?php if (isset($category['image'])) { ?><img src="<?php echo $category['image']; ?>" alt="<?php echo $category['name']; ?>" style="width: 80px;" class="img-thumbnail" /><?php } else { ?><span class="img-thumbnail list"><i class="fa fa-camera fa-2x"></i></span><?php } ?></td>
			<td class="text-left"><?php echo $category['name']; ?></td>]]></add>
		</operation>
		<operation>
			<search position="replace"><![CDATA[<td class="text-center" colspan="4"><?php echo $text_no_results; ?></td>]]></search>
			<add><![CDATA[<td class="text-center" colspan="5"><?php echo $text_no_results; ?></td>]]></add>
		</operation>
</file>
<file path="admin/controller/catalog/product.php">
		<operation>
			<search position="replace"><![CDATA[$this->load->model('design/layout');]]></search>
			<add><![CDATA[
			$data['image_manager_plus_status']  = $this->config->get('image_manager_plus_status'); 
			if (isset($this->request->get['product_id'])) {
				$data['product_id'] = $this->request->get['product_id'];
			} else {
				$data['product_id'] = 0;
			}
			$this->load->model('design/layout');]]></add>
		</operation>
</file>
<file path="admin/view/template/catalog/product_form.tpl">
		<operation>
			<search position="replace"><![CDATA[<div class="tab-pane" id="tab-image">]]></search>
			<add><![CDATA[<div class="tab-pane" id="tab-image">
			<?php global $config;			
			$image_manager_plus_status  = $config->get('image_manager_plus_status'); ?>
			<?php if($image_manager_plus_status==1){?>
			<div class="clearfix"><p class="pull-right"><button type="button" onclick="filemanager();" class="btn btn-danger"><i class="fa fa-plus-circle"></i> Chèn nhiều hình</button></p></div>
			<?php } ?>
			]]></add>
		</operation>
		<operation>
			<search position="replace"><![CDATA[<td class="text-left"><?php echo $entry_image; ?></td>]]></search>
			<add><![CDATA[<td class="text-left"><?php echo $entry_image; ?></td><td class="text-left">Chọn hình ảnh đại diện</td>]]></add>
		</operation>
		<operation>
			<search position="replace"><![CDATA[<tr id="image-row<?php echo $image_row; ?>">]]></search>
			<add><![CDATA[<tr class="image-row" id="image-row<?php echo $image_row; ?>">]]></add>
		</operation>
		<operation>
			<search position="replace"><![CDATA[<td class="text-right"><input type="text" name="product_image[<?php echo $image_row; ?>][sort_order]" value="<?php echo $product_image['sort_order']; ?>" placeholder="<?php echo $entry_sort_order; ?>" class="form-control" /></td>]]></search>
			<add><![CDATA[<td class="text-left"><input type="radio" name="primary_image" onclick="changePrimaryImage(<?php echo $image_row; ?>)"></td><td class="text-right"><input type="text" name="product_image[<?php echo $image_row; ?>][sort_order]" value="<?php echo $product_image['sort_order']; ?>" placeholder="<?php echo $entry_sort_order; ?>" class="form-control sort_order" /></td>]]></add>
		</operation>
		<operation>
			<search position="replace"><![CDATA[<td class="text-left"><button type="button" onclick="addImage();" data-toggle="tooltip" title="<?php echo $button_image_add; ?>" class="btn btn-primary"><i class="fa fa-plus-circle"></i></button></td>]]></search>
			<add><![CDATA[<td></td><td class="text-right"><button type="button" onclick="addImage();" data-toggle="tooltip" title="<?php echo $button_image_add; ?>" class="btn btn-primary"><i class="fa fa-plus-circle"></i></button></td>]]></add>
		</operation>		
		<operation>
		<search position="replace"><![CDATA[var image_row = <?php echo $image_row; ?>;]]></search>		
		<add><![CDATA[<?php if($image_manager_plus_status==1){?>
		$.rcookie('product<?php echo $product_id; ?>_image_row',null);
		<?php }else{?>
		var image_row = <?php echo $image_row; ?>;
		<?php } ?>]]></add>
	</operation>
	<operation>
		<search position="replace"><![CDATA[function addImage() {]]></search>		
		<add><![CDATA[function addImage() {		
		<?php if($image_manager_plus_status==1){?>
		if ($.rcookie('product<?php echo $product_id; ?>_image_row')==null||$.rcookie('product<?php echo $product_id; ?>_image_row')=='') {
			var cookie_image_row = <?php echo $image_row; ?>;	
		}else{	
			var cookie_image_row = $.rcookie('product<?php echo $product_id; ?>_image_row');	
		}	
		var image_row = cookie_image_row;
		$.rcookie('product<?php echo $product_id; ?>_image_row',null);
		<?php } ?>
		]]></add>
	</operation>
	<operation>
		<search position="replace"><![CDATA[html  = '<tr id="image-row' + image_row + '">';]]></search>
		<add><![CDATA[html  = '<tr class="image-row" id="image-row' + image_row + '">';]]></add>
	</operation>
	<operation>
		<search position="replace"><![CDATA[html += '  <td class="text-right"><input type="text" name="product_image[' + image_row + '][sort_order]" value="" placeholder="<?php echo $entry_sort_order; ?>" class="form-control" /></td>';]]></search>
		<add><![CDATA[html += '<td class="text-left"><input type="radio" name="primary_image" onclick="changePrimaryImage(' + image_row + ')"/></td><td class="text-right"><input type="text" name="product_image[' + image_row + '][sort_order]" value="' + image_row + '" placeholder="<?php echo $entry_sort_order; ?>" class="form-control sort_order" /></td>';]]></add>
	</operation>
		<operation>
			<search position="replace"><![CDATA[$('#images tbody').append(html);]]></search>
			<add><![CDATA[$('#images tbody').append(html);
			<?php if($image_manager_plus_status==1){?>
			$('#images').sortable('refresh');
			var numrow= parseInt(image_row)+1;
			$.rcookie('product<?php echo $product_id; ?>_image_row',numrow);
			<?php } ?>
			]]></add>
		</operation>	
			<operation>
			<search position="replace"><![CDATA[<?php echo $footer; ?>]]></search>
			<add><![CDATA[<script type="text/javascript"><!--
<?php if($image_manager_plus_status==1){?>
	function insertImage(fileName) {  
			if ($.rcookie('product<?php echo $product_id; ?>_image_row')==null||$.rcookie('product<?php echo $product_id; ?>_image_row')=='') {
				var cookie_add_row = <?php echo $image_row; ?>;	
			}else{	
				var cookie_add_row = $.rcookie('product<?php echo $product_id; ?>_image_row');
			}					
			var add_row = cookie_add_row;
					
			$.rcookie('product<?php echo $product_id; ?>_image_row',null);
				
			html  = '<tr class="image-row" id="image-row' + add_row + '">';
			html += '  <td class="text-left"><a href="" id="thumb-image' + add_row + '"data-toggle="image" class="img-thumbnail"><img style="width:100px;" src="../image/' + fileName + '" alt="" title="" data-placeholder="<?php echo $placeholder; ?>" /><input type="hidden" name="product_image[' + add_row + '][image]" value="' + fileName + '" id="input-image' + add_row + '" /></td>';
			html += '<td class="text-left"><input type="radio" name="primary_image" onclick="changePrimaryImage(' + add_row + ')"/></td>';
			html += '<td class="text-right"><input type="text" name="product_image[' + add_row + '][sort_order]" value="' + add_row + '" placeholder="<?php echo $entry_sort_order; ?>" class="form-control sort_order" /></td>';
			html += '  <td class="text-left"><button type="button" onclick="$(\'#image-row' + add_row  + '\').remove();" data-toggle="tooltip" title="<?php echo $button_remove; ?>" class="btn btn-danger"><i class="fa fa-minus-circle"></i></button></td>';
			html += '</tr>';
			$('#images tbody').append(html);		
			$('#images').sortable('refresh');
			var numrow= parseInt(add_row)+1;
			$.rcookie('product<?php echo $product_id; ?>_image_row',numrow);	
			add_row++;    
	};
<?php } ?>
$('#images').bind('sortupdate', function(event, ui) {
	var sort_order = 0;
	 $('#images>tbody>tr').each(function() {    
		sort_order += 1;       
		var so = $(this).find('.sort_order');
		so.attr('value',sort_order);
	});
});		
//--></script>
<?php echo $footer; ?>]]></add>
		</operation>
</file>

<file path="admin/controller/design/banner.php">
		<operation>
			<search position="replace"><![CDATA[$data['placeholder'] = $this->model_tool_image->resize('no_image.png', 100, 100);]]></search>
			<add><![CDATA[$data['placeholder'] = $this->model_tool_image->resize('no_image.png', 100, 100);
			if (isset($this->request->get['banner_id'])) {
				$data['banner_id'] = $this->request->get['banner_id'];
			} else {
				$data['banner_id'] = 0;
			}]]></add>
		</operation>
</file>
<file path="admin/view/template/design/banner_form.tpl">
		<operation>
			<search position="replace"><![CDATA[<table id="images" class="table table-striped table-bordered table-hover">]]></search>
			<add><![CDATA[<?php global $config;			
			$image_manager_plus_status  = $config->get('image_manager_plus_status'); ?>
			<?php if($image_manager_plus_status==1){?>
			<div class="clearfix"><p class="pull-right"><button type="button" onclick="filemanager();" class="btn btn-danger"><i class="fa fa-plus-circle"></i> Chèn nhiều hình</button></p></div>
			<?php } ?>
			<table id="images" class="table table-striped table-bordered table-hover">]]></add>
		</operation>	
		<operation>
			<search position="replace"><![CDATA[<td class="text-left"><?php echo $entry_title; ?></td>]]></search>
			<add><![CDATA[<td class="text-left" style="width:30%"><?php echo $entry_title; ?></td>]]></add>
		</operation>
		<operation>
			<search position="replace"><![CDATA[<tr id="image-row<?php echo $image_row; ?>">]]></search>
			<add><![CDATA[<tr class="image-row" id="image-row<?php echo $image_row; ?>">]]></add>
		</operation>
		<operation>
		<search position="replace"><![CDATA[var image_row = <?php echo $image_row; ?>;]]></search>		
		<add><![CDATA[<?php if($image_manager_plus_status==1){?>
		$.rcookie('banner<?php echo $banner_id; ?>_image_row',null);
		<?php }else{ ?>
		var image_row = <?php echo $image_row; ?>;
		<?php } ?>]]></add>
	</operation>	
	<operation>
		<search position="replace"><![CDATA[function addImage() {]]></search>		
		<add><![CDATA[function addImage() {
		<?php if($image_manager_plus_status==1){?>
		if ($.rcookie('banner<?php echo $banner_id; ?>_image_row')==null||$.rcookie('banner<?php echo $banner_id; ?>_image_row')=='') {
			var cookie_image_row = <?php echo $image_row; ?>;	
		}else{	
			var cookie_image_row = $.rcookie('banner<?php echo $banner_id; ?>_image_row');	
		}	
		var image_row = cookie_image_row;
		$.rcookie('banner<?php echo $banner_id; ?>_image_row',null);
		<?php } ?>]]></add>
	</operation>	
	<operation>
			<search position="replace"><![CDATA[<td class="text-right"><input type="text" name="banner_image[<?php echo $image_row; ?>][sort_order]" value="<?php echo $banner_image['sort_order']; ?>" placeholder="<?php echo $entry_sort_order; ?>" class="form-control" /></td>]]></search>
			<add><![CDATA[<td class="text-right"><input type="text" name="banner_image[<?php echo $image_row; ?>][sort_order]" value="<?php echo $banner_image['sort_order']; ?>" placeholder="<?php echo $entry_sort_order; ?>" class="form-control sort_order" /></td>]]></add>
		</operation>	
	<operation>
			<search position="replace"><![CDATA[html += '  <td class="text-right"><input type="text" name="banner_image[' + image_row + '][sort_order]" value="" placeholder="<?php echo $entry_sort_order; ?>" class="form-control" /></td>';]]></search>
			<add><![CDATA[html += '  <td class="text-right"><input type="text" name="banner_image[' + image_row + '][sort_order]" value="' + image_row + '" placeholder="<?php echo $entry_sort_order; ?>" class="form-control sort_order" /></td>';]]></add>
	</operation>
		<operation>
			<search position="replace"><![CDATA[$('#images tbody').append(html);]]></search>
			<add><![CDATA[$('#images tbody').append(html);
			<?php if($image_manager_plus_status==1){?>
			$('#images').sortable('refresh');
			var numrow= parseInt(image_row)+1;
			$.rcookie('banner<?php echo $banner_id; ?>_image_row',numrow);
			<?php } ?>
			]]></add>
		</operation>		
		<operation>
			<search position="before"><![CDATA[<?php echo $footer; ?>]]></search>
			<add><![CDATA[<?php if($image_manager_plus_status==1){?>
			<script type="text/javascript"><!--
function insertImage(fileName) {							 
	if ($.rcookie('banner<?php echo $banner_id; ?>_image_row')==null||$.rcookie('banner<?php echo $banner_id; ?>_image_row')=='') {
		var cookie_add_row = <?php echo $image_row; ?>;	
	}else{	
		var cookie_add_row = $.rcookie('banner<?php echo $banner_id; ?>_image_row');		
	}					
	var add_row = cookie_add_row;
	html  = '<tr class="image-row" id="image-row' + add_row + '">';
    html += '  <td class="text-left">';
	<?php foreach ($languages as $language) { ?>
	html += '    <div class="input-group">';
	html += '      <span class="input-group-addon"><img src="view/image/flags/<?php echo $language['image']; ?>" title="<?php echo $language['name']; ?>" /></span><input type="text" name="banner_image[' + add_row + '][banner_image_description][<?php echo $language['language_id']; ?>][title]" value="" placeholder="<?php echo $entry_title; ?>" class="form-control" />';
    html += '    </div>';
	<?php } ?>
	html += '  </td>';	
	html += '  <td class="text-left"><input type="text" name="banner_image[' + add_row + '][link]" value="" placeholder="<?php echo $entry_link; ?>" class="form-control" /></td>';	
	html += '  <td class="text-left"><a href="" id="thumb-image' + add_row + '" data-toggle="image" class="img-thumbnail"><img style="width:100px;" src="../image/' + fileName + '" alt="" title="" data-placeholder="<?php echo $placeholder; ?>" /></a><input type="hidden" name="banner_image[' + add_row + '][image]" value="' + fileName + '" id="input-image' + add_row + '" /></td>';
	html += '  <td class="text-right"><input type="text" name="banner_image[' + add_row + '][sort_order]" value="' + add_row + '" placeholder="<?php echo $entry_sort_order; ?>" class="form-control sort_order" /></td>';
	html += '  <td class="text-left"><button type="button" onclick="$(\'#image-row' + add_row  + '\').remove();" data-toggle="tooltip" title="<?php echo $button_remove; ?>" class="btn btn-danger"><i class="fa fa-minus-circle"></i></button></td>';
	html += '</tr>';
	$('#images tbody').append(html);
	$('#images').sortable('refresh');	
	var numrow= parseInt(add_row)+1;
	$.rcookie('banner<?php echo $banner_id; ?>_image_row',numrow);
	add_row++;
};
$('#images').bind('sortupdate', function(event, ui) {
	var sort_order = 0;
	 $('#images>tbody>tr').each(function() {    
		sort_order += 1;       
		var so = $(this).find('.sort_order');
		so.attr('value',sort_order);
	});
});	
//--></script><?php } ?>]]></add>
		</operation>	
</file>
</modification>